<?xml version = '1.0' encoding = 'UTF-8'?>
<relationalModel class="oracle.dbtools.crest.model.design.relational.RelationalDesign" name="Relational_1" id="7509984C-7586-4511-31C9-742AB1C71BAA" mainViewID="03D732BA-4F0C-ACD1-D604-7CABAAE0D8EC">
<createdBy>joao</createdBy>
<createdTime>2023-11-05 15:48:30 UTC</createdTime>
<ownerDesignName>Modelo relacional rm553896</ownerDesignName>
<shouldBeOpen>false</shouldBeOpen>
<selectedRDBMSSite>32076570-2523-435C-2E92-BF29817DFF70</selectedRDBMSSite>
</relationalModel>