<?xml version = '1.0' encoding = 'UTF-8'?>
<FKIndexAssociation class="oracle.dbtools.crest.model.design.relational.FKIndexAssociation" directorySegmentName="seg_0" id="6A4EAF45-33A2-9113-EE99-4006F3594BDB" containerWithKeyObject="52672606-98D2-D360-9A85-434D1B812B5D" localFKIndex="DEC3BD9B-2573-51C4-DCF4-75E152556519" name="T_LANCAMENTO_T_CONTA_FK">
<createdBy>joao</createdBy>
<createdTime>2023-11-05 17:57:42 UTC</createdTime>
<generatorID>D53D34FA-B763-79E0-33B5-7036D7106F3C</generatorID>
<ownerDesignName>Modelo relacional rm553896</ownerDesignName>
<referredTableLongName>T_CONTA</referredTableLongName>
<deleteRule>NO ACTION</deleteRule>
<referredTableID>D660E456-F24C-45EC-7CB6-CB099169391A</referredTableID>
<keyObject>CB6C0BDF-7506-A219-ABA2-1E9413236AD5</keyObject>
<referredKeyID>CB6C0BDF-7506-A219-ABA2-1E9413236AD5</referredKeyID>
<mandatory>true</mandatory>
<refColNames>id_conta,id_usuario</refColNames>
<transferable>true</transferable>
<rely>false</rely>
<columnDependencyConstraintGenerateInDDL>true</columnDependencyConstraintGenerateInDDL>
</FKIndexAssociation>