<?xml version = '1.0' encoding = 'UTF-8'?>
<Entity class="oracle.dbtools.crest.model.design.logical.Entity" directorySegmentName="seg_0" id="6E2D70CA-8907-4A48-C731-212561AD8E7E" name="T_USUARIO">
<createdBy>joao</createdBy>
<createdTime>2023-11-05 15:54:28 UTC</createdTime>
<ownerDesignName>Modelo logico rm553896</ownerDesignName>
<engineerTo>
<item key="7509984C-7586-4511-31C9-742AB1C71BAA" value="true"/>
</engineerTo>
<adequatelyNormalized>NO</adequatelyNormalized>
<expectedVolumes>0</expectedVolumes>
<fwdEngineeringStrategyName>Single Table</fwdEngineeringStrategyName>
<growthPercent>0</growthPercent>
<growthType>Year</growthType>
<maxVolumes>9999999</maxVolumes>
<minVolumes>0</minVolumes>
<normalForm>Third</normalForm>
<attributes itemClass="oracle.dbtools.crest.model.design.logical.Attribute">
<Attribute name="id_usuario" id="73B0E3AB-5A80-CC9E-9E87-E349AE5421D6">
<createdBy>joao</createdBy>
<createdTime>2023-11-05 15:54:58 UTC</createdTime>
<ownerDesignName>Modelo logico rm553896</ownerDesignName>
<engineerTo>
<item key="7509984C-7586-4511-31C9-742AB1C71BAA" value="true"/>
</engineerTo>
<useDomainConstraints>false</useDomainConstraints>
<use>1</use>
<logicalDatatype>LOGDT019</logicalDatatype>
<ownDataTypeParameters>,,</ownDataTypeParameters>
</Attribute>
<Attribute name="nm_nome" id="7B12AFDD-0D83-F265-0877-3F048287F796">
<createdBy>joao</createdBy>
<createdTime>2023-11-05 15:56:28 UTC</createdTime>
<ownerDesignName>Modelo logico rm553896</ownerDesignName>
<engineerTo>
<item key="7509984C-7586-4511-31C9-742AB1C71BAA" value="true"/>
</engineerTo>
<useDomainConstraints>false</useDomainConstraints>
<use>1</use>
<logicalDatatype>LOGDT024</logicalDatatype>
<dataTypeSize>30</dataTypeSize>
<ownDataTypeParameters>30,,</ownDataTypeParameters>
</Attribute>
<Attribute name="ds_email" id="C2C1CD00-75ED-FD36-68CE-D6D55795CC66">
<createdBy>joao</createdBy>
<createdTime>2023-11-05 15:57:54 UTC</createdTime>
<ownerDesignName>Modelo logico rm553896</ownerDesignName>
<engineerTo>
<item key="7509984C-7586-4511-31C9-742AB1C71BAA" value="true"/>
</engineerTo>
<useDomainConstraints>false</useDomainConstraints>
<use>1</use>
<logicalDatatype>LOGDT024</logicalDatatype>
<dataTypeSize>30</dataTypeSize>
<ownDataTypeParameters>30,,</ownDataTypeParameters>
</Attribute>
<Attribute name="nr_senha" id="163304F3-657E-2CE9-BA46-C833300AE590">
<createdBy>joao</createdBy>
<createdTime>2023-11-05 15:59:30 UTC</createdTime>
<ownerDesignName>Modelo logico rm553896</ownerDesignName>
<engineerTo>
<item key="7509984C-7586-4511-31C9-742AB1C71BAA" value="true"/>
</engineerTo>
<useDomainConstraints>false</useDomainConstraints>
<use>1</use>
<logicalDatatype>LOGDT024</logicalDatatype>
<dataTypeSize>16</dataTypeSize>
<ownDataTypeParameters>16,,</ownDataTypeParameters>
</Attribute>
</attributes>
<identifiers itemClass="oracle.dbtools.crest.model.design.logical.CandidateKey">
<identifier id="47870672-A89B-E0A7-7828-D0ED4C1DF80F" name="T_USUARIO PK">
<createdBy>joao</createdBy>
<createdTime>2023-11-05 15:56:12 UTC</createdTime>
<ownerDesignName>Modelo logico rm553896</ownerDesignName>
<shouldEngineer>false</shouldEngineer>
<engineerTo>
<item key="7509984C-7586-4511-31C9-742AB1C71BAA" value="false"/>
</engineerTo>
<pk>true</pk>
<usedAttributes>
<attributeRef>73B0E3AB-5A80-CC9E-9E87-E349AE5421D6</attributeRef>
</usedAttributes>
</identifier>
</identifiers>
</Entity>