<?xml version = '1.0' encoding = 'UTF-8'?>
<Entity class="oracle.dbtools.crest.model.design.logical.Entity" directorySegmentName="seg_0" id="E6B51096-C425-67ED-D3F3-BEE0CE04437A" name="T_DESPESA">
<createdBy>joao</createdBy>
<createdTime>2023-11-05 16:23:24 UTC</createdTime>
<ownerDesignName>Modelo logico rm553896</ownerDesignName>
<engineerTo>
<item key="7509984C-7586-4511-31C9-742AB1C71BAA" value="true"/>
</engineerTo>
<adequatelyNormalized>NO</adequatelyNormalized>
<expectedVolumes>0</expectedVolumes>
<fwdEngineeringStrategyName>Single Table</fwdEngineeringStrategyName>
<growthPercent>0</growthPercent>
<growthType>Year</growthType>
<maxVolumes>9999999</maxVolumes>
<minVolumes>0</minVolumes>
<normalForm>Third</normalForm>
<attributes itemClass="oracle.dbtools.crest.model.design.logical.Attribute">
<Attribute name="id_despesa" id="A4863BC0-E30D-19EA-CDA4-2A9007E996B2">
<createdBy>joao</createdBy>
<createdTime>2023-11-05 16:24:50 UTC</createdTime>
<ownerDesignName>Modelo logico rm553896</ownerDesignName>
<engineerTo>
<item key="7509984C-7586-4511-31C9-742AB1C71BAA" value="true"/>
</engineerTo>
<useDomainConstraints>false</useDomainConstraints>
<use>1</use>
<logicalDatatype>LOGDT019</logicalDatatype>
<ownDataTypeParameters>,,</ownDataTypeParameters>
</Attribute>
<Attribute name="id_descricao" id="65ACFB86-15E6-DE72-DF75-0A360D4A8C02">
<createdBy>joao</createdBy>
<createdTime>2023-11-05 16:26:19 UTC</createdTime>
<generatorID>193FC802-A7F7-C75E-EAE3-F028675467CD</generatorID>
<ownerDesignName>Modelo logico rm553896</ownerDesignName>
<engineerTo>
<item key="7509984C-7586-4511-31C9-742AB1C71BAA" value="true"/>
</engineerTo>
<referedAttribute>3AFFDF6C-B051-1603-B412-9C459ECCAC1C</referedAttribute>
<useDomainConstraints>false</useDomainConstraints>
<use>1</use>
<logicalDatatype>LOGDT024</logicalDatatype>
<dataTypeSize>30</dataTypeSize>
<ownDataTypeParameters>,,</ownDataTypeParameters>
</Attribute>
<Attribute name="id_conta" id="FB3BC95B-65B4-6A53-0D8B-E3BF506D31D3">
<createdBy>joao</createdBy>
<createdTime>2023-11-05 16:26:19 UTC</createdTime>
<generatorID>193FC802-A7F7-C75E-EAE3-F028675467CD</generatorID>
<ownerDesignName>Modelo logico rm553896</ownerDesignName>
<engineerTo>
<item key="7509984C-7586-4511-31C9-742AB1C71BAA" value="true"/>
</engineerTo>
<referedAttribute>B796ED85-3C8A-F4D0-1F55-5593A67DF970</referedAttribute>
<useDomainConstraints>false</useDomainConstraints>
<use>1</use>
<logicalDatatype>LOGDT019</logicalDatatype>
<ownDataTypeParameters>,,</ownDataTypeParameters>
</Attribute>
<Attribute name="id_usuario" id="62FD8F66-D9E7-AA4A-AE20-74A18805AFC1">
<createdBy>joao</createdBy>
<createdTime>2023-11-05 16:26:19 UTC</createdTime>
<generatorID>193FC802-A7F7-C75E-EAE3-F028675467CD</generatorID>
<ownerDesignName>Modelo logico rm553896</ownerDesignName>
<engineerTo>
<item key="7509984C-7586-4511-31C9-742AB1C71BAA" value="true"/>
</engineerTo>
<referedAttribute>8EE9D373-FD58-3166-5B00-927825F3F29F</referedAttribute>
<useDomainConstraints>false</useDomainConstraints>
<use>1</use>
<logicalDatatype>LOGDT019</logicalDatatype>
<ownDataTypeParameters>,,</ownDataTypeParameters>
</Attribute>
</attributes>
</Entity>