<?xml version = '1.0' encoding = 'UTF-8'?>
<Diagram class="oracle.dbtools.crest.swingui.logical.DPVLogical" name="Logical" id="E2359F39-F0A8-E079-6F28-1D967214FECB">
<createdBy>joao</createdBy>
<modifiedBy>joao</modifiedBy>
<createdTime>2023-11-05 15:54:28 UTC</createdTime>
<autoRoute>false</autoRoute>
<boxInbox>true</boxInbox>
<showLegend>false</showLegend>
<showLabels>false</showLabels>
<showRelAttributes>false</showRelAttributes>
<gridEnabled>false</gridEnabled>
<showGrid>false</showGrid>
<diagramColor>-1</diagramColor>
<display>false</display>
<notation>2</notation>
<objectViews>
<OView class="oracle.dbtools.crest.swingui.logical.TVEntity" oid="0D9B2887-8BED-8661-642F-920F660441AB" otype="Entity" vid="23CFDE0F-EC60-1601-2027-F8DDBD36A21F">
<hideElementsInCurrentOnly>false</hideElementsInCurrentOnly>
<bounds x="385" y="31" width="176" height="136"/>
</OView>
<OView class="oracle.dbtools.crest.swingui.logical.TVEntity" oid="1232B44B-00ED-53FC-D72D-92FA4DB078E6" otype="Entity" vid="5D0EE5C8-9332-81F4-18B1-B7C4A4F74668">
<hideElementsInCurrentOnly>false</hideElementsInCurrentOnly>
<bounds x="385" y="247" width="197" height="145"/>
</OView>
<OView class="oracle.dbtools.crest.swingui.logical.TVEntity" oid="6E2D70CA-8907-4A48-C731-212561AD8E7E" otype="Entity" vid="6526A5AC-E4B3-A7FA-BF1C-A57F799C7F44">
<hideElementsInCurrentOnly>false</hideElementsInCurrentOnly>
<bounds x="58" y="29" width="221" height="140"/>
</OView>
<OView class="oracle.dbtools.crest.swingui.logical.TVEntity" oid="A21618CD-0930-5E8F-842E-DEBA9DDBBBC7" otype="Entity" vid="3C559CE7-6306-2F10-54A0-FCCBCB66D792">
<hideElementsInCurrentOnly>false</hideElementsInCurrentOnly>
<bounds x="51" y="243" width="216" height="141"/>
</OView>
<OView class="oracle.dbtools.crest.swingui.logical.TVEntity" oid="E6B51096-C425-67ED-D3F3-BEE0CE04437A" otype="Entity" vid="87541DBA-5FD1-3FFD-B810-EA924E621743">
<hideElementsInCurrentOnly>false</hideElementsInCurrentOnly>
<bounds x="659" y="252" width="202" height="135"/>
</OView>
</objectViews>
<connectors>
<Connector class="oracle.dbtools.crest.swingui.logical.TVRelation" oid="193FC802-A7F7-C75E-EAE3-F028675467CD" otype="Relation" vid_source="5D0EE5C8-9332-81F4-18B1-B7C4A4F74668" vid_target="87541DBA-5FD1-3FFD-B810-EA924E621743">
<hideElementsInCurrentOnly>false</hideElementsInCurrentOnly>
<backgroundColor>-16777216</backgroundColor>
<lineWidth>1</lineWidth>
<points>
<point x="582" y="319"/>
<point x="659" y="319"/>
</points>
</Connector>
<Connector class="oracle.dbtools.crest.swingui.logical.TVRelation" oid="9DB21EC8-8ADD-2028-9CE6-CEDACC173383" otype="Relation" vid_source="6526A5AC-E4B3-A7FA-BF1C-A57F799C7F44" vid_target="23CFDE0F-EC60-1601-2027-F8DDBD36A21F">
<hideElementsInCurrentOnly>false</hideElementsInCurrentOnly>
<backgroundColor>-16777216</backgroundColor>
<lineWidth>1</lineWidth>
<points>
<point x="279" y="99"/>
<point x="385" y="99"/>
</points>
</Connector>
<Connector class="oracle.dbtools.crest.swingui.logical.TVRelation" oid="AA081159-353A-1CC1-6FB4-A72D33E3FDF8" otype="Relation" vid_source="5D0EE5C8-9332-81F4-18B1-B7C4A4F74668" vid_target="3C559CE7-6306-2F10-54A0-FCCBCB66D792">
<hideElementsInCurrentOnly>false</hideElementsInCurrentOnly>
<backgroundColor>-16777216</backgroundColor>
<lineWidth>1</lineWidth>
<points>
<point x="385" y="315"/>
<point x="267" y="315"/>
</points>
</Connector>
<Connector class="oracle.dbtools.crest.swingui.logical.TVRelation" oid="D53D34FA-B763-79E0-33B5-7036D7106F3C" otype="Relation" vid_source="23CFDE0F-EC60-1601-2027-F8DDBD36A21F" vid_target="5D0EE5C8-9332-81F4-18B1-B7C4A4F74668">
<hideElementsInCurrentOnly>false</hideElementsInCurrentOnly>
<backgroundColor>-16777216</backgroundColor>
<lineWidth>1</lineWidth>
<points>
<point x="473" y="167"/>
<point x="473" y="247"/>
</points>
</Connector>
</connectors>
</Diagram>