<?xml version = '1.0' encoding = 'UTF-8'?>
<Table class="oracle.dbtools.crest.model.design.relational.Table" directorySegmentName="seg_0" id="52672606-98D2-D360-9A85-434D1B812B5D" name="T_LANCAMENTO">
<createdBy>joao</createdBy>
<createdTime>2023-11-05 17:57:41 UTC</createdTime>
<generatorID>1232B44B-00ED-53FC-D72D-92FA4DB078E6</generatorID>
<ownerDesignName>Modelo relacional rm553896</ownerDesignName>
<allowColumnReorder>false</allowColumnReorder>
<existDependencyGenerateInDDl>true</existDependencyGenerateInDDl>
<parsed>true</parsed>
<columns itemClass="oracle.dbtools.crest.model.design.relational.Column">
<Column name="id_descricao" id="27AF63FC-5B9D-FB75-EEF8-30118448E7FD">
<createdBy>joao</createdBy>
<createdTime>2023-11-05 17:57:41 UTC</createdTime>
<generatorID>3AFFDF6C-B051-1603-B412-9C459ECCAC1C</generatorID>
<ownerDesignName>Modelo relacional rm553896</ownerDesignName>
<useDomainConstraints>false</useDomainConstraints>
<use>1</use>
<logicalDatatype>LOGDT024</logicalDatatype>
<dataTypeSize>30</dataTypeSize>
<ownDataTypeParameters>30,,</ownDataTypeParameters>
<autoIncrementCycle>false</autoIncrementCycle>
</Column>
<Column name="nm_dia" id="4BBCE898-80EC-13B7-EB04-D6EDE24FFA6C">
<createdBy>joao</createdBy>
<createdTime>2023-11-05 17:57:41 UTC</createdTime>
<generatorID>6B984878-9260-72E6-0CEC-5C0BE07A5D54</generatorID>
<ownerDesignName>Modelo relacional rm553896</ownerDesignName>
<useDomainConstraints>false</useDomainConstraints>
<use>1</use>
<logicalDatatype>LOGDT007</logicalDatatype>
<ownDataTypeParameters>,,</ownDataTypeParameters>
<autoIncrementCycle>false</autoIncrementCycle>
</Column>
<Column name="id_categoria" id="BBADA741-8138-9B4A-3671-10DC0B51AB28">
<createdBy>joao</createdBy>
<createdTime>2023-11-05 17:57:41 UTC</createdTime>
<generatorID>986D68D6-A937-9364-437B-0CC1058A7EC5</generatorID>
<ownerDesignName>Modelo relacional rm553896</ownerDesignName>
<nullsAllowed>true</nullsAllowed>
<useDomainConstraints>false</useDomainConstraints>
<use>1</use>
<logicalDatatype>LOGDT024</logicalDatatype>
<dataTypeSize>30</dataTypeSize>
<ownDataTypeParameters>30,,</ownDataTypeParameters>
<autoIncrementCycle>false</autoIncrementCycle>
</Column>
<Column name="id_valor" id="083FF83A-96D4-B410-620B-9BA36A915008">
<createdBy>joao</createdBy>
<createdTime>2023-11-05 17:57:41 UTC</createdTime>
<generatorID>3930FCCA-283D-90D6-4946-DBF10D0057DE</generatorID>
<ownerDesignName>Modelo relacional rm553896</ownerDesignName>
<useDomainConstraints>false</useDomainConstraints>
<use>1</use>
<logicalDatatype>LOGDT021</logicalDatatype>
<ownDataTypeParameters>,,</ownDataTypeParameters>
<autoIncrementCycle>false</autoIncrementCycle>
</Column>
<Column name="id_anexo" id="AADEE86F-B502-470F-CF78-1DAEFAA3D423">
<createdBy>joao</createdBy>
<createdTime>2023-11-05 17:57:41 UTC</createdTime>
<generatorID>A8C81290-5411-BCEB-8EBA-6DF41135A440</generatorID>
<ownerDesignName>Modelo relacional rm553896</ownerDesignName>
<nullsAllowed>true</nullsAllowed>
<useDomainConstraints>false</useDomainConstraints>
<use>1</use>
<logicalDatatype>LOGDT010</logicalDatatype>
<ownDataTypeParameters>,,</ownDataTypeParameters>
<autoIncrementCycle>false</autoIncrementCycle>
</Column>
<Column name="id_conta" id="517DC8EB-1D31-2F68-C45B-A399E6EF8994">
<createdBy>joao</createdBy>
<createdTime>2023-11-05 17:57:41 UTC</createdTime>
<generatorID>B796ED85-3C8A-F4D0-1F55-5593A67DF970</generatorID>
<ownerDesignName>Modelo relacional rm553896</ownerDesignName>
<useDomainConstraints>false</useDomainConstraints>
<use>1</use>
<logicalDatatype>LOGDT019</logicalDatatype>
<ownDataTypeParameters>,,</ownDataTypeParameters>
<previousColumn>false</previousColumn>
<autoIncrementCycle>false</autoIncrementCycle>
<associations>
<colAssociation fkAssociation="6A4EAF45-33A2-9113-EE99-4006F3594BDB" referredColumn="9E79A0AF-3E91-16AB-B1AE-64ED550AE058"/>
</associations>
</Column>
<Column name="id_usuario" id="158DD6F9-7258-61BF-E77F-28F9A0A4B8FC">
<createdBy>joao</createdBy>
<createdTime>2023-11-05 17:57:41 UTC</createdTime>
<generatorID>8EE9D373-FD58-3166-5B00-927825F3F29F</generatorID>
<ownerDesignName>Modelo relacional rm553896</ownerDesignName>
<useDomainConstraints>false</useDomainConstraints>
<use>1</use>
<logicalDatatype>LOGDT019</logicalDatatype>
<ownDataTypeParameters>,,</ownDataTypeParameters>
<previousColumn>false</previousColumn>
<autoIncrementCycle>false</autoIncrementCycle>
<associations>
<colAssociation fkAssociation="6A4EAF45-33A2-9113-EE99-4006F3594BDB" referredColumn="80CF03DA-0E50-0F30-FE32-E6475CAFA628"/>
</associations>
</Column>
</columns>
<indexes itemClass="oracle.dbtools.crest.model.design.relational.Index">
<ind_PK_UK id="6303F41E-DB39-E333-A2E9-CAA5A12458B0" name="T_LANCAMENTO_PK">
<createdBy>joao</createdBy>
<createdTime>2023-11-05 17:57:41 UTC</createdTime>
<generatorID>E4878E9B-1FBD-D6FA-42F5-3B2B08752423</generatorID>
<ownerDesignName>Modelo relacional rm553896</ownerDesignName>
<pk>true</pk>
<indexState>Primary Constraint</indexState>
<isSurrogateKey>false</isSurrogateKey>
<indexColumnUsage>
<colUsage columnID="27AF63FC-5B9D-FB75-EEF8-30118448E7FD"/>
<colUsage columnID="517DC8EB-1D31-2F68-C45B-A399E6EF8994"/>
<colUsage columnID="158DD6F9-7258-61BF-E77F-28F9A0A4B8FC"/>
</indexColumnUsage>
</ind_PK_UK>
<ind_PK_UK id="DEC3BD9B-2573-51C4-DCF4-75E152556519" name="T_LANCAMENTO_T_CONTA_FK">
<createdBy>joao</createdBy>
<createdTime>2023-11-05 17:57:42 UTC</createdTime>
<generatorID>D53D34FA-B763-79E0-33B5-7036D7106F3C</generatorID>
<ownerDesignName>Modelo relacional rm553896</ownerDesignName>
<indexState>Foreign Key</indexState>
<isSurrogateKey>false</isSurrogateKey>
<indexColumnUsage>
<colUsage columnID="517DC8EB-1D31-2F68-C45B-A399E6EF8994"/>
<colUsage columnID="158DD6F9-7258-61BF-E77F-28F9A0A4B8FC"/>
</indexColumnUsage>
</ind_PK_UK>
</indexes>
</Table>