<?xml version = '1.0' encoding = 'UTF-8'?>
<Table class="oracle.dbtools.crest.model.design.relational.Table" directorySegmentName="seg_0" id="5B7B34F3-8A7C-EAD7-54CC-A15DF1F08757" name="T_RECEITA">
<createdBy>joao</createdBy>
<createdTime>2023-11-05 17:57:41 UTC</createdTime>
<generatorID>A21618CD-0930-5E8F-842E-DEBA9DDBBBC7</generatorID>
<ownerDesignName>Modelo relacional rm553896</ownerDesignName>
<allowColumnReorder>false</allowColumnReorder>
<existDependencyGenerateInDDl>true</existDependencyGenerateInDDl>
<parsed>true</parsed>
<columns itemClass="oracle.dbtools.crest.model.design.relational.Column">
<Column name="id_receita" id="BB7AFDBB-265F-2C3D-4ABA-668B2451C4C6">
<createdBy>joao</createdBy>
<createdTime>2023-11-05 17:57:41 UTC</createdTime>
<generatorID>256BAE90-7ABB-37CB-C4D3-D65F7FC6F05D</generatorID>
<ownerDesignName>Modelo relacional rm553896</ownerDesignName>
<useDomainConstraints>false</useDomainConstraints>
<use>1</use>
<logicalDatatype>LOGDT019</logicalDatatype>
<ownDataTypeParameters>,,</ownDataTypeParameters>
<autoIncrementCycle>false</autoIncrementCycle>
</Column>
<Column name="id_descricao" id="A5215058-383C-F8F5-3EB7-6DAA13210343">
<createdBy>joao</createdBy>
<createdTime>2023-11-05 17:57:41 UTC</createdTime>
<generatorID>C9A1A6A3-B516-A276-B273-D66C4086961B</generatorID>
<ownerDesignName>Modelo relacional rm553896</ownerDesignName>
<useDomainConstraints>false</useDomainConstraints>
<use>1</use>
<logicalDatatype>LOGDT024</logicalDatatype>
<dataTypeSize>30</dataTypeSize>
<ownDataTypeParameters>,,</ownDataTypeParameters>
<previousColumn>false</previousColumn>
<autoIncrementCycle>false</autoIncrementCycle>
<associations>
<colAssociation fkAssociation="CCEBDBFD-A57F-446F-2CAD-BE282EE15E2B" referredColumn="27AF63FC-5B9D-FB75-EEF8-30118448E7FD"/>
</associations>
</Column>
<Column name="id_conta" id="65E6B238-361C-ACDD-70D0-D0C9507B7745">
<createdBy>joao</createdBy>
<createdTime>2023-11-05 17:57:41 UTC</createdTime>
<generatorID>126147BF-A424-34E1-D48B-0A9CC841F236</generatorID>
<ownerDesignName>Modelo relacional rm553896</ownerDesignName>
<useDomainConstraints>false</useDomainConstraints>
<use>1</use>
<logicalDatatype>LOGDT019</logicalDatatype>
<ownDataTypeParameters>,,</ownDataTypeParameters>
<previousColumn>false</previousColumn>
<autoIncrementCycle>false</autoIncrementCycle>
<associations>
<colAssociation fkAssociation="CCEBDBFD-A57F-446F-2CAD-BE282EE15E2B" referredColumn="517DC8EB-1D31-2F68-C45B-A399E6EF8994"/>
</associations>
</Column>
<Column name="id_usuario" id="3CC22D78-A688-B051-A489-512F45062011">
<createdBy>joao</createdBy>
<createdTime>2023-11-05 17:57:41 UTC</createdTime>
<generatorID>5F3D1E1F-DE40-6FFF-B6A4-7E2E5D820109</generatorID>
<ownerDesignName>Modelo relacional rm553896</ownerDesignName>
<useDomainConstraints>false</useDomainConstraints>
<use>1</use>
<logicalDatatype>LOGDT019</logicalDatatype>
<ownDataTypeParameters>,,</ownDataTypeParameters>
<previousColumn>false</previousColumn>
<autoIncrementCycle>false</autoIncrementCycle>
<associations>
<colAssociation fkAssociation="CCEBDBFD-A57F-446F-2CAD-BE282EE15E2B" referredColumn="158DD6F9-7258-61BF-E77F-28F9A0A4B8FC"/>
</associations>
</Column>
</columns>
<indexes itemClass="oracle.dbtools.crest.model.design.relational.Index">
<ind_PK_UK id="68DAADCE-0B13-5AE5-3A63-2D07E93A92A8" name="T_RECEITA__IDX">
<createdBy>joao</createdBy>
<createdTime>2023-11-05 17:57:42 UTC</createdTime>
<ownerDesignName>Modelo relacional rm553896</ownerDesignName>
<indexState>Unique Plain Index</indexState>
<isSurrogateKey>false</isSurrogateKey>
<relationGeneratorID>AA081159-353A-1CC1-6FB4-A72D33E3FDF8</relationGeneratorID>
<indexColumnUsage>
<colUsage columnID="A5215058-383C-F8F5-3EB7-6DAA13210343"/>
<colUsage columnID="65E6B238-361C-ACDD-70D0-D0C9507B7745"/>
<colUsage columnID="3CC22D78-A688-B051-A489-512F45062011"/>
</indexColumnUsage>
</ind_PK_UK>
<ind_PK_UK id="930D91E5-41E7-6E1E-2DA5-889ED030DD2A" name="T_RECEITA_T_LANCAMENTO_FK">
<createdBy>joao</createdBy>
<createdTime>2023-11-05 17:57:42 UTC</createdTime>
<generatorID>AA081159-353A-1CC1-6FB4-A72D33E3FDF8</generatorID>
<ownerDesignName>Modelo relacional rm553896</ownerDesignName>
<indexState>Foreign Key</indexState>
<isSurrogateKey>false</isSurrogateKey>
<indexColumnUsage>
<colUsage columnID="A5215058-383C-F8F5-3EB7-6DAA13210343"/>
<colUsage columnID="65E6B238-361C-ACDD-70D0-D0C9507B7745"/>
<colUsage columnID="3CC22D78-A688-B051-A489-512F45062011"/>
</indexColumnUsage>
</ind_PK_UK>
</indexes>
</Table>