<?xml version = '1.0' encoding = 'UTF-8'?>
<Table class="oracle.dbtools.crest.model.design.relational.Table" directorySegmentName="seg_0" id="E601A6F5-E357-1B25-6B43-A7828FE98B87" name="T_USUARIO">
<createdBy>joao</createdBy>
<createdTime>2023-11-05 17:57:41 UTC</createdTime>
<generatorID>6E2D70CA-8907-4A48-C731-212561AD8E7E</generatorID>
<ownerDesignName>Modelo relacional rm553896</ownerDesignName>
<allowColumnReorder>false</allowColumnReorder>
<existDependencyGenerateInDDl>true</existDependencyGenerateInDDl>
<parsed>true</parsed>
<columns itemClass="oracle.dbtools.crest.model.design.relational.Column">
<Column name="id_usuario" id="B6BADB95-156D-CCD7-F21B-3B697326B950">
<createdBy>joao</createdBy>
<createdTime>2023-11-05 17:57:42 UTC</createdTime>
<generatorID>73B0E3AB-5A80-CC9E-9E87-E349AE5421D6</generatorID>
<ownerDesignName>Modelo relacional rm553896</ownerDesignName>
<useDomainConstraints>false</useDomainConstraints>
<use>1</use>
<logicalDatatype>LOGDT019</logicalDatatype>
<ownDataTypeParameters>,,</ownDataTypeParameters>
<autoIncrementCycle>false</autoIncrementCycle>
</Column>
<Column name="nm_nome" id="89978841-833D-DAD4-B1F0-1509D77E56F7">
<createdBy>joao</createdBy>
<createdTime>2023-11-05 17:57:42 UTC</createdTime>
<generatorID>7B12AFDD-0D83-F265-0877-3F048287F796</generatorID>
<ownerDesignName>Modelo relacional rm553896</ownerDesignName>
<useDomainConstraints>false</useDomainConstraints>
<use>1</use>
<logicalDatatype>LOGDT024</logicalDatatype>
<dataTypeSize>30</dataTypeSize>
<ownDataTypeParameters>30,,</ownDataTypeParameters>
<autoIncrementCycle>false</autoIncrementCycle>
</Column>
<Column name="ds_email" id="3DFF64D4-512C-9838-0530-BF03143BC765">
<createdBy>joao</createdBy>
<createdTime>2023-11-05 17:57:42 UTC</createdTime>
<generatorID>C2C1CD00-75ED-FD36-68CE-D6D55795CC66</generatorID>
<ownerDesignName>Modelo relacional rm553896</ownerDesignName>
<useDomainConstraints>false</useDomainConstraints>
<use>1</use>
<logicalDatatype>LOGDT024</logicalDatatype>
<dataTypeSize>30</dataTypeSize>
<ownDataTypeParameters>30,,</ownDataTypeParameters>
<autoIncrementCycle>false</autoIncrementCycle>
</Column>
<Column name="nr_senha" id="7C07EA97-9197-56C9-BB98-FE2CB7D29952">
<createdBy>joao</createdBy>
<createdTime>2023-11-05 17:57:42 UTC</createdTime>
<generatorID>163304F3-657E-2CE9-BA46-C833300AE590</generatorID>
<ownerDesignName>Modelo relacional rm553896</ownerDesignName>
<useDomainConstraints>false</useDomainConstraints>
<use>1</use>
<logicalDatatype>LOGDT024</logicalDatatype>
<dataTypeSize>16</dataTypeSize>
<ownDataTypeParameters>16,,</ownDataTypeParameters>
<autoIncrementCycle>false</autoIncrementCycle>
</Column>
</columns>
<indexes itemClass="oracle.dbtools.crest.model.design.relational.Index">
<ind_PK_UK id="052B172F-39BF-AA0D-8A3A-FA226DFEA3C2" name="T_USUARIO_PK">
<createdBy>joao</createdBy>
<createdTime>2023-11-05 17:57:42 UTC</createdTime>
<generatorID>47870672-A89B-E0A7-7828-D0ED4C1DF80F</generatorID>
<ownerDesignName>Modelo relacional rm553896</ownerDesignName>
<pk>true</pk>
<indexState>Primary Constraint</indexState>
<isSurrogateKey>false</isSurrogateKey>
<indexColumnUsage>
<colUsage columnID="B6BADB95-156D-CCD7-F21B-3B697326B950"/>
</indexColumnUsage>
</ind_PK_UK>
</indexes>
</Table>