<?xml version = '1.0' encoding = 'UTF-8'?>
<Entity class="oracle.dbtools.crest.model.design.logical.Entity" directorySegmentName="seg_0" id="0D9B2887-8BED-8661-642F-920F660441AB" name="T_CONTA">
<createdBy>joao</createdBy>
<createdTime>2023-11-05 16:03:53 UTC</createdTime>
<ownerDesignName>Modelo relacional rm553896</ownerDesignName>
<engineerTo>
<item key="7509984C-7586-4511-31C9-742AB1C71BAA" value="true"/>
</engineerTo>
<adequatelyNormalized>NO</adequatelyNormalized>
<expectedVolumes>0</expectedVolumes>
<fwdEngineeringStrategyName>Single Table</fwdEngineeringStrategyName>
<growthPercent>0</growthPercent>
<growthType>Year</growthType>
<maxVolumes>9999999</maxVolumes>
<minVolumes>0</minVolumes>
<normalForm>Third</normalForm>
<attributes itemClass="oracle.dbtools.crest.model.design.logical.Attribute">
<Attribute name="id_conta" id="F8EADC97-73F0-83EF-4FCE-153BBEA838A5">
<createdBy>joao</createdBy>
<createdTime>2023-11-05 16:04:09 UTC</createdTime>
<ownerDesignName>Modelo relacional rm553896</ownerDesignName>
<engineerTo>
<item key="7509984C-7586-4511-31C9-742AB1C71BAA" value="true"/>
</engineerTo>
<useDomainConstraints>false</useDomainConstraints>
<use>1</use>
<logicalDatatype>LOGDT019</logicalDatatype>
<ownDataTypeParameters>,,</ownDataTypeParameters>
</Attribute>
<Attribute name="id_balanco" id="A11113BF-A471-DA9D-0F43-F3782F6941D7">
<createdBy>joao</createdBy>
<createdTime>2023-11-05 16:05:17 UTC</createdTime>
<ownerDesignName>Modelo relacional rm553896</ownerDesignName>
<engineerTo>
<item key="7509984C-7586-4511-31C9-742AB1C71BAA" value="true"/>
</engineerTo>
<useDomainConstraints>false</useDomainConstraints>
<use>1</use>
<logicalDatatype>LOGDT021</logicalDatatype>
<ownDataTypeParameters>,,</ownDataTypeParameters>
</Attribute>
<Attribute name="id_saldo_receita" id="90180E8E-F5A3-89A3-98ED-B0DB01BC5B06">
<createdBy>joao</createdBy>
<createdTime>2023-11-05 16:06:29 UTC</createdTime>
<ownerDesignName>Modelo relacional rm553896</ownerDesignName>
<engineerTo>
<item key="7509984C-7586-4511-31C9-742AB1C71BAA" value="true"/>
</engineerTo>
<useDomainConstraints>false</useDomainConstraints>
<use>1</use>
<logicalDatatype>LOGDT021</logicalDatatype>
<ownDataTypeParameters>,,</ownDataTypeParameters>
</Attribute>
<Attribute name="id_saldo_despesa" id="8D2FAEA8-0C4B-AA4C-F539-5925A6FA75DC">
<createdBy>joao</createdBy>
<createdTime>2023-11-05 16:06:56 UTC</createdTime>
<ownerDesignName>Modelo relacional rm553896</ownerDesignName>
<engineerTo>
<item key="7509984C-7586-4511-31C9-742AB1C71BAA" value="true"/>
</engineerTo>
<useDomainConstraints>false</useDomainConstraints>
<use>1</use>
<logicalDatatype>LOGDT021</logicalDatatype>
<ownDataTypeParameters>,,</ownDataTypeParameters>
</Attribute>
<Attribute name="id_usuario" id="AC840A48-83A9-D696-8878-3F47A21A67DA">
<createdBy>joao</createdBy>
<createdTime>2023-11-05 16:09:10 UTC</createdTime>
<generatorID>9DB21EC8-8ADD-2028-9CE6-CEDACC173383</generatorID>
<ownerDesignName>Modelo relacional rm553896</ownerDesignName>
<engineerTo>
<item key="7509984C-7586-4511-31C9-742AB1C71BAA" value="true"/>
</engineerTo>
<referedAttribute>73B0E3AB-5A80-CC9E-9E87-E349AE5421D6</referedAttribute>
<useDomainConstraints>false</useDomainConstraints>
<use>1</use>
<logicalDatatype>LOGDT019</logicalDatatype>
<ownDataTypeParameters>,,</ownDataTypeParameters>
</Attribute>
</attributes>
<identifiers itemClass="oracle.dbtools.crest.model.design.logical.CandidateKey">
<identifier id="7E14D800-B05D-E394-C47A-130B957A44E3" name="T_CONTA PK">
<createdBy>joao</createdBy>
<createdTime>2023-11-05 16:04:48 UTC</createdTime>
<ownerDesignName>Modelo relacional rm553896</ownerDesignName>
<shouldEngineer>false</shouldEngineer>
<engineerTo>
<item key="7509984C-7586-4511-31C9-742AB1C71BAA" value="false"/>
</engineerTo>
<pk>true</pk>
<usedAttributes>
<attributeRef>F8EADC97-73F0-83EF-4FCE-153BBEA838A5</attributeRef>
<attributeRef>AC840A48-83A9-D696-8878-3F47A21A67DA</attributeRef>
</usedAttributes>
</identifier>
</identifiers>
</Entity>