<?xml version = '1.0' encoding = 'UTF-8'?>
<Entity class="oracle.dbtools.crest.model.design.logical.Entity" directorySegmentName="seg_0" id="1232B44B-00ED-53FC-D72D-92FA4DB078E6" name="T_LANCAMENTO">
<createdBy>joao</createdBy>
<createdTime>2023-11-05 16:11:30 UTC</createdTime>
<ownerDesignName>Modelo relacional rm553896</ownerDesignName>
<engineerTo>
<item key="7509984C-7586-4511-31C9-742AB1C71BAA" value="true"/>
</engineerTo>
<adequatelyNormalized>NO</adequatelyNormalized>
<expectedVolumes>0</expectedVolumes>
<fwdEngineeringStrategyName>Single Table</fwdEngineeringStrategyName>
<growthPercent>0</growthPercent>
<growthType>Year</growthType>
<maxVolumes>9999999</maxVolumes>
<minVolumes>0</minVolumes>
<normalForm>Third</normalForm>
<attributes itemClass="oracle.dbtools.crest.model.design.logical.Attribute">
<Attribute name="id_descricao" id="3AFFDF6C-B051-1603-B412-9C459ECCAC1C">
<createdBy>joao</createdBy>
<createdTime>2023-11-05 16:12:04 UTC</createdTime>
<ownerDesignName>Modelo relacional rm553896</ownerDesignName>
<engineerTo>
<item key="7509984C-7586-4511-31C9-742AB1C71BAA" value="true"/>
</engineerTo>
<useDomainConstraints>false</useDomainConstraints>
<use>1</use>
<logicalDatatype>LOGDT024</logicalDatatype>
<dataTypeSize>30</dataTypeSize>
<ownDataTypeParameters>30,,</ownDataTypeParameters>
</Attribute>
<Attribute name="nm_dia" id="6B984878-9260-72E6-0CEC-5C0BE07A5D54">
<createdBy>joao</createdBy>
<createdTime>2023-11-05 16:13:06 UTC</createdTime>
<ownerDesignName>Modelo relacional rm553896</ownerDesignName>
<engineerTo>
<item key="7509984C-7586-4511-31C9-742AB1C71BAA" value="true"/>
</engineerTo>
<useDomainConstraints>false</useDomainConstraints>
<use>1</use>
<logicalDatatype>LOGDT007</logicalDatatype>
<ownDataTypeParameters>,,</ownDataTypeParameters>
</Attribute>
<Attribute name="id_categoria" id="986D68D6-A937-9364-437B-0CC1058A7EC5">
<createdBy>joao</createdBy>
<createdTime>2023-11-05 16:14:29 UTC</createdTime>
<ownerDesignName>Modelo relacional rm553896</ownerDesignName>
<engineerTo>
<item key="7509984C-7586-4511-31C9-742AB1C71BAA" value="true"/>
</engineerTo>
<nullsAllowed>true</nullsAllowed>
<useDomainConstraints>false</useDomainConstraints>
<use>1</use>
<logicalDatatype>LOGDT024</logicalDatatype>
<dataTypeSize>30</dataTypeSize>
<ownDataTypeParameters>30,,</ownDataTypeParameters>
</Attribute>
<Attribute name="id_valor" id="3930FCCA-283D-90D6-4946-DBF10D0057DE">
<createdBy>joao</createdBy>
<createdTime>2023-11-05 16:16:08 UTC</createdTime>
<ownerDesignName>Modelo relacional rm553896</ownerDesignName>
<engineerTo>
<item key="7509984C-7586-4511-31C9-742AB1C71BAA" value="true"/>
</engineerTo>
<useDomainConstraints>false</useDomainConstraints>
<use>1</use>
<logicalDatatype>LOGDT021</logicalDatatype>
<ownDataTypeParameters>,,</ownDataTypeParameters>
</Attribute>
<Attribute name="id_anexo" id="A8C81290-5411-BCEB-8EBA-6DF41135A440">
<createdBy>joao</createdBy>
<createdTime>2023-11-05 16:18:03 UTC</createdTime>
<ownerDesignName>Modelo relacional rm553896</ownerDesignName>
<engineerTo>
<item key="7509984C-7586-4511-31C9-742AB1C71BAA" value="true"/>
</engineerTo>
<nullsAllowed>true</nullsAllowed>
<useDomainConstraints>false</useDomainConstraints>
<use>1</use>
<logicalDatatype>LOGDT010</logicalDatatype>
<ownDataTypeParameters>,,</ownDataTypeParameters>
</Attribute>
<Attribute name="id_conta" id="B796ED85-3C8A-F4D0-1F55-5593A67DF970">
<createdBy>joao</createdBy>
<createdTime>2023-11-05 16:19:18 UTC</createdTime>
<generatorID>D53D34FA-B763-79E0-33B5-7036D7106F3C</generatorID>
<ownerDesignName>Modelo relacional rm553896</ownerDesignName>
<engineerTo>
<item key="7509984C-7586-4511-31C9-742AB1C71BAA" value="true"/>
</engineerTo>
<referedAttribute>F8EADC97-73F0-83EF-4FCE-153BBEA838A5</referedAttribute>
<useDomainConstraints>false</useDomainConstraints>
<use>1</use>
<logicalDatatype>LOGDT019</logicalDatatype>
<ownDataTypeParameters>,,</ownDataTypeParameters>
</Attribute>
<Attribute name="id_usuario" id="8EE9D373-FD58-3166-5B00-927825F3F29F">
<createdBy>joao</createdBy>
<createdTime>2023-11-05 16:19:18 UTC</createdTime>
<generatorID>D53D34FA-B763-79E0-33B5-7036D7106F3C</generatorID>
<ownerDesignName>Modelo relacional rm553896</ownerDesignName>
<engineerTo>
<item key="7509984C-7586-4511-31C9-742AB1C71BAA" value="true"/>
</engineerTo>
<referedAttribute>AC840A48-83A9-D696-8878-3F47A21A67DA</referedAttribute>
<useDomainConstraints>false</useDomainConstraints>
<use>1</use>
<logicalDatatype>LOGDT019</logicalDatatype>
<ownDataTypeParameters>,,</ownDataTypeParameters>
</Attribute>
</attributes>
<identifiers itemClass="oracle.dbtools.crest.model.design.logical.CandidateKey">
<identifier id="E4878E9B-1FBD-D6FA-42F5-3B2B08752423" name="T_LANCAMENTO PK">
<createdBy>joao</createdBy>
<createdTime>2023-11-05 16:12:55 UTC</createdTime>
<ownerDesignName>Modelo relacional rm553896</ownerDesignName>
<shouldEngineer>false</shouldEngineer>
<engineerTo>
<item key="7509984C-7586-4511-31C9-742AB1C71BAA" value="false"/>
</engineerTo>
<pk>true</pk>
<usedAttributes>
<attributeRef>3AFFDF6C-B051-1603-B412-9C459ECCAC1C</attributeRef>
<attributeRef>B796ED85-3C8A-F4D0-1F55-5593A67DF970</attributeRef>
<attributeRef>8EE9D373-FD58-3166-5B00-927825F3F29F</attributeRef>
</usedAttributes>
</identifier>
</identifiers>
</Entity>