<?xml version = '1.0' encoding = 'UTF-8'?>
<Entity class="oracle.dbtools.crest.model.design.logical.Entity" directorySegmentName="seg_0" id="A21618CD-0930-5E8F-842E-DEBA9DDBBBC7" name="T_RECEITA">
<createdBy>joao</createdBy>
<createdTime>2023-11-05 16:21:28 UTC</createdTime>
<ownerDesignName>Modelo relacional rm553896</ownerDesignName>
<engineerTo>
<item key="7509984C-7586-4511-31C9-742AB1C71BAA" value="true"/>
</engineerTo>
<adequatelyNormalized>NO</adequatelyNormalized>
<expectedVolumes>0</expectedVolumes>
<fwdEngineeringStrategyName>Single Table</fwdEngineeringStrategyName>
<growthPercent>0</growthPercent>
<growthType>Year</growthType>
<maxVolumes>9999999</maxVolumes>
<minVolumes>0</minVolumes>
<normalForm>Third</normalForm>
<attributes itemClass="oracle.dbtools.crest.model.design.logical.Attribute">
<Attribute name="id_receita" id="256BAE90-7ABB-37CB-C4D3-D65F7FC6F05D">
<createdBy>joao</createdBy>
<createdTime>2023-11-05 16:22:09 UTC</createdTime>
<ownerDesignName>Modelo relacional rm553896</ownerDesignName>
<engineerTo>
<item key="7509984C-7586-4511-31C9-742AB1C71BAA" value="true"/>
</engineerTo>
<useDomainConstraints>false</useDomainConstraints>
<use>1</use>
<logicalDatatype>LOGDT019</logicalDatatype>
<ownDataTypeParameters>,,</ownDataTypeParameters>
</Attribute>
<Attribute name="id_descricao" id="C9A1A6A3-B516-A276-B273-D66C4086961B">
<createdBy>joao</createdBy>
<createdTime>2023-11-05 16:25:59 UTC</createdTime>
<generatorID>AA081159-353A-1CC1-6FB4-A72D33E3FDF8</generatorID>
<ownerDesignName>Modelo relacional rm553896</ownerDesignName>
<engineerTo>
<item key="7509984C-7586-4511-31C9-742AB1C71BAA" value="true"/>
</engineerTo>
<referedAttribute>3AFFDF6C-B051-1603-B412-9C459ECCAC1C</referedAttribute>
<useDomainConstraints>false</useDomainConstraints>
<use>1</use>
<logicalDatatype>LOGDT024</logicalDatatype>
<dataTypeSize>30</dataTypeSize>
<ownDataTypeParameters>,,</ownDataTypeParameters>
</Attribute>
<Attribute name="id_conta" id="126147BF-A424-34E1-D48B-0A9CC841F236">
<createdBy>joao</createdBy>
<createdTime>2023-11-05 16:25:59 UTC</createdTime>
<generatorID>AA081159-353A-1CC1-6FB4-A72D33E3FDF8</generatorID>
<ownerDesignName>Modelo relacional rm553896</ownerDesignName>
<engineerTo>
<item key="7509984C-7586-4511-31C9-742AB1C71BAA" value="true"/>
</engineerTo>
<referedAttribute>B796ED85-3C8A-F4D0-1F55-5593A67DF970</referedAttribute>
<useDomainConstraints>false</useDomainConstraints>
<use>1</use>
<logicalDatatype>LOGDT019</logicalDatatype>
<ownDataTypeParameters>,,</ownDataTypeParameters>
</Attribute>
<Attribute name="id_usuario" id="5F3D1E1F-DE40-6FFF-B6A4-7E2E5D820109">
<createdBy>joao</createdBy>
<createdTime>2023-11-05 16:25:59 UTC</createdTime>
<generatorID>AA081159-353A-1CC1-6FB4-A72D33E3FDF8</generatorID>
<ownerDesignName>Modelo relacional rm553896</ownerDesignName>
<engineerTo>
<item key="7509984C-7586-4511-31C9-742AB1C71BAA" value="true"/>
</engineerTo>
<referedAttribute>8EE9D373-FD58-3166-5B00-927825F3F29F</referedAttribute>
<useDomainConstraints>false</useDomainConstraints>
<use>1</use>
<logicalDatatype>LOGDT019</logicalDatatype>
<ownDataTypeParameters>,,</ownDataTypeParameters>
</Attribute>
</attributes>
</Entity>