<?xml version = '1.0' encoding = 'UTF-8'?>
<Relation class="oracle.dbtools.crest.model.design.logical.Relation" name="Relation_4" directorySegmentName="seg_0" id="193FC802-A7F7-C75E-EAE3-F028675467CD">
<createdBy>joao</createdBy>
<createdTime>2023-11-05 16:26:19 UTC</createdTime>
<ownerDesignName>Modelo logico rm553896</ownerDesignName>
<engineerTo>
<item key="7509984C-7586-4511-31C9-742AB1C71BAA" value="true"/>
</engineerTo>
<sourcePk>E4878E9B-1FBD-D6FA-42F5-3B2B08752423</sourcePk>
<identifying>false</identifying>
<optionalSource>true</optionalSource>
<optionalTarget>false</optionalTarget>
<sourceCardinality>1</sourceCardinality>
<sourceEntity>1232B44B-00ED-53FC-D72D-92FA4DB078E6</sourceEntity>
<targetCardinalityString>1</targetCardinalityString>
<targetEntity>E6B51096-C425-67ED-D3F3-BEE0CE04437A</targetEntity>
<transferable>true</transferable>
<deleteRule>NO ACTION</deleteRule>
</Relation>