<?xml version = '1.0' encoding = 'UTF-8'?>
<Relation class="oracle.dbtools.crest.model.design.logical.Relation" name="Relation_1" directorySegmentName="seg_0" id="9DB21EC8-8ADD-2028-9CE6-CEDACC173383">
<createdBy>joao</createdBy>
<createdTime>2023-11-05 16:09:10 UTC</createdTime>
<ownerDesignName>Modelo logico rm553896</ownerDesignName>
<engineerTo>
<item key="7509984C-7586-4511-31C9-742AB1C71BAA" value="true"/>
</engineerTo>
<sourcePk>47870672-A89B-E0A7-7828-D0ED4C1DF80F</sourcePk>
<identifying>true</identifying>
<nameOnSource>T_USUARIO</nameOnSource>
<nameOnTarget>T_CONTA</nameOnTarget>
<optionalSource>true</optionalSource>
<optionalTarget>false</optionalTarget>
<sourceCardinality>1</sourceCardinality>
<sourceEntity>6E2D70CA-8907-4A48-C731-212561AD8E7E</sourceEntity>
<targetCardinalityString>*</targetCardinalityString>
<targetEntity>0D9B2887-8BED-8661-642F-920F660441AB</targetEntity>
<transferable>true</transferable>
<deleteRule>NO ACTION</deleteRule>
</Relation>