<?xml version = '1.0' encoding = 'UTF-8'?>
<Relation class="oracle.dbtools.crest.model.design.logical.Relation" name="Relation_3" directorySegmentName="seg_0" id="AA081159-353A-1CC1-6FB4-A72D33E3FDF8">
<createdBy>joao</createdBy>
<createdTime>2023-11-05 16:25:59 UTC</createdTime>
<ownerDesignName>Modelo logico rm553896</ownerDesignName>
<engineerTo>
<item key="7509984C-7586-4511-31C9-742AB1C71BAA" value="true"/>
</engineerTo>
<sourcePk>E4878E9B-1FBD-D6FA-42F5-3B2B08752423</sourcePk>
<identifying>false</identifying>
<optionalSource>true</optionalSource>
<optionalTarget>false</optionalTarget>
<sourceCardinality>1</sourceCardinality>
<sourceEntity>1232B44B-00ED-53FC-D72D-92FA4DB078E6</sourceEntity>
<targetCardinalityString>1</targetCardinalityString>
<targetEntity>A21618CD-0930-5E8F-842E-DEBA9DDBBBC7</targetEntity>
<transferable>true</transferable>
<deleteRule>NO ACTION</deleteRule>
</Relation>