<?xml version = '1.0' encoding = 'UTF-8'?>
<Relation class="oracle.dbtools.crest.model.design.logical.Relation" name="Relation_2" directorySegmentName="seg_0" id="D53D34FA-B763-79E0-33B5-7036D7106F3C">
<createdBy>joao</createdBy>
<createdTime>2023-11-05 16:19:18 UTC</createdTime>
<ownerDesignName>Modelo logico rm553896</ownerDesignName>
<engineerTo>
<item key="7509984C-7586-4511-31C9-742AB1C71BAA" value="true"/>
</engineerTo>
<sourcePk>7E14D800-B05D-E394-C47A-130B957A44E3</sourcePk>
<targetPk>E4878E9B-1FBD-D6FA-42F5-3B2B08752423</targetPk>
<identifying>true</identifying>
<optionalSource>true</optionalSource>
<optionalTarget>false</optionalTarget>
<sourceCardinality>1</sourceCardinality>
<sourceEntity>0D9B2887-8BED-8661-642F-920F660441AB</sourceEntity>
<targetCardinalityString>*</targetCardinalityString>
<targetEntity>1232B44B-00ED-53FC-D72D-92FA4DB078E6</targetEntity>
<transferable>true</transferable>
<deleteRule>NO ACTION</deleteRule>
</Relation>