<?xml version = '1.0' encoding = 'UTF-8'?>
<Table class="oracle.dbtools.crest.model.design.relational.Table" directorySegmentName="seg_0" id="06A9C0E1-CE08-2EF0-00F2-8B923B694379" name="T_DESPESA">
<createdBy>joao</createdBy>
<createdTime>2023-11-05 17:57:41 UTC</createdTime>
<generatorID>E6B51096-C425-67ED-D3F3-BEE0CE04437A</generatorID>
<ownerDesignName>Modelo logico rm553896</ownerDesignName>
<allowColumnReorder>false</allowColumnReorder>
<existDependencyGenerateInDDl>true</existDependencyGenerateInDDl>
<parsed>true</parsed>
<columns itemClass="oracle.dbtools.crest.model.design.relational.Column">
<Column name="id_despesa" id="81981FDB-DC2D-DEE1-20E2-CFB01B7942C1">
<createdBy>joao</createdBy>
<createdTime>2023-11-05 17:57:41 UTC</createdTime>
<generatorID>A4863BC0-E30D-19EA-CDA4-2A9007E996B2</generatorID>
<ownerDesignName>Modelo logico rm553896</ownerDesignName>
<useDomainConstraints>false</useDomainConstraints>
<use>1</use>
<logicalDatatype>LOGDT019</logicalDatatype>
<ownDataTypeParameters>,,</ownDataTypeParameters>
<autoIncrementCycle>false</autoIncrementCycle>
</Column>
<Column name="id_descricao" id="772A0E1D-70DA-6623-6169-9C19802C6D20">
<createdBy>joao</createdBy>
<createdTime>2023-11-05 17:57:41 UTC</createdTime>
<generatorID>65ACFB86-15E6-DE72-DF75-0A360D4A8C02</generatorID>
<ownerDesignName>Modelo logico rm553896</ownerDesignName>
<useDomainConstraints>false</useDomainConstraints>
<use>1</use>
<logicalDatatype>LOGDT024</logicalDatatype>
<dataTypeSize>30</dataTypeSize>
<ownDataTypeParameters>,,</ownDataTypeParameters>
<previousColumn>false</previousColumn>
<autoIncrementCycle>false</autoIncrementCycle>
<associations>
<colAssociation fkAssociation="107912AC-226A-9300-C0A3-4308BC89C20B" referredColumn="27AF63FC-5B9D-FB75-EEF8-30118448E7FD"/>
</associations>
</Column>
<Column name="id_conta" id="E9332497-BC5D-1DD6-D22E-17DB016E1677">
<createdBy>joao</createdBy>
<createdTime>2023-11-05 17:57:41 UTC</createdTime>
<generatorID>FB3BC95B-65B4-6A53-0D8B-E3BF506D31D3</generatorID>
<ownerDesignName>Modelo logico rm553896</ownerDesignName>
<useDomainConstraints>false</useDomainConstraints>
<use>1</use>
<logicalDatatype>LOGDT019</logicalDatatype>
<ownDataTypeParameters>,,</ownDataTypeParameters>
<previousColumn>false</previousColumn>
<autoIncrementCycle>false</autoIncrementCycle>
<associations>
<colAssociation fkAssociation="107912AC-226A-9300-C0A3-4308BC89C20B" referredColumn="517DC8EB-1D31-2F68-C45B-A399E6EF8994"/>
</associations>
</Column>
<Column name="id_usuario" id="4E6A73D1-2E93-490B-A826-5C7F97FE31B7">
<createdBy>joao</createdBy>
<createdTime>2023-11-05 17:57:41 UTC</createdTime>
<generatorID>62FD8F66-D9E7-AA4A-AE20-74A18805AFC1</generatorID>
<ownerDesignName>Modelo logico rm553896</ownerDesignName>
<useDomainConstraints>false</useDomainConstraints>
<use>1</use>
<logicalDatatype>LOGDT019</logicalDatatype>
<ownDataTypeParameters>,,</ownDataTypeParameters>
<previousColumn>false</previousColumn>
<autoIncrementCycle>false</autoIncrementCycle>
<associations>
<colAssociation fkAssociation="107912AC-226A-9300-C0A3-4308BC89C20B" referredColumn="158DD6F9-7258-61BF-E77F-28F9A0A4B8FC"/>
</associations>
</Column>
</columns>
<indexes itemClass="oracle.dbtools.crest.model.design.relational.Index">
<ind_PK_UK id="687D4719-A286-AE6A-A7C4-896C0B0BA35F" name="T_DESPESA__IDX">
<createdBy>joao</createdBy>
<createdTime>2023-11-05 17:57:42 UTC</createdTime>
<ownerDesignName>Modelo logico rm553896</ownerDesignName>
<indexState>Unique Plain Index</indexState>
<isSurrogateKey>false</isSurrogateKey>
<relationGeneratorID>193FC802-A7F7-C75E-EAE3-F028675467CD</relationGeneratorID>
<indexColumnUsage>
<colUsage columnID="772A0E1D-70DA-6623-6169-9C19802C6D20"/>
<colUsage columnID="E9332497-BC5D-1DD6-D22E-17DB016E1677"/>
<colUsage columnID="4E6A73D1-2E93-490B-A826-5C7F97FE31B7"/>
</indexColumnUsage>
</ind_PK_UK>
<ind_PK_UK id="CDCA22DB-378A-B9E5-27A9-FCDE4DD17269" name="T_DESPESA_T_LANCAMENTO_FK">
<createdBy>joao</createdBy>
<createdTime>2023-11-05 17:57:42 UTC</createdTime>
<generatorID>193FC802-A7F7-C75E-EAE3-F028675467CD</generatorID>
<ownerDesignName>Modelo logico rm553896</ownerDesignName>
<indexState>Foreign Key</indexState>
<isSurrogateKey>false</isSurrogateKey>
<indexColumnUsage>
<colUsage columnID="772A0E1D-70DA-6623-6169-9C19802C6D20"/>
<colUsage columnID="E9332497-BC5D-1DD6-D22E-17DB016E1677"/>
<colUsage columnID="4E6A73D1-2E93-490B-A826-5C7F97FE31B7"/>
</indexColumnUsage>
</ind_PK_UK>
</indexes>
</Table>