<?xml version = '1.0' encoding = 'UTF-8'?>
<Table class="oracle.dbtools.crest.model.design.relational.Table" directorySegmentName="seg_0" id="D660E456-F24C-45EC-7CB6-CB099169391A" name="T_CONTA">
<createdBy>joao</createdBy>
<createdTime>2023-11-05 17:57:41 UTC</createdTime>
<generatorID>0D9B2887-8BED-8661-642F-920F660441AB</generatorID>
<ownerDesignName>Modelo logico rm553896</ownerDesignName>
<allowColumnReorder>false</allowColumnReorder>
<existDependencyGenerateInDDl>true</existDependencyGenerateInDDl>
<parsed>true</parsed>
<columns itemClass="oracle.dbtools.crest.model.design.relational.Column">
<Column name="id_conta" id="9E79A0AF-3E91-16AB-B1AE-64ED550AE058">
<createdBy>joao</createdBy>
<createdTime>2023-11-05 17:57:41 UTC</createdTime>
<generatorID>F8EADC97-73F0-83EF-4FCE-153BBEA838A5</generatorID>
<ownerDesignName>Modelo logico rm553896</ownerDesignName>
<useDomainConstraints>false</useDomainConstraints>
<use>1</use>
<logicalDatatype>LOGDT019</logicalDatatype>
<ownDataTypeParameters>,,</ownDataTypeParameters>
<autoIncrementCycle>false</autoIncrementCycle>
</Column>
<Column name="id_balanco" id="DCE1E13E-63B6-4545-0E00-B3CA2AD49B7F">
<createdBy>joao</createdBy>
<createdTime>2023-11-05 17:57:41 UTC</createdTime>
<generatorID>A11113BF-A471-DA9D-0F43-F3782F6941D7</generatorID>
<ownerDesignName>Modelo logico rm553896</ownerDesignName>
<useDomainConstraints>false</useDomainConstraints>
<use>1</use>
<logicalDatatype>LOGDT021</logicalDatatype>
<ownDataTypeParameters>,,</ownDataTypeParameters>
<autoIncrementCycle>false</autoIncrementCycle>
</Column>
<Column name="id_saldo_receita" id="F73D4F3A-E85B-0A49-8C18-3C5E7E7EC268">
<createdBy>joao</createdBy>
<createdTime>2023-11-05 17:57:41 UTC</createdTime>
<generatorID>90180E8E-F5A3-89A3-98ED-B0DB01BC5B06</generatorID>
<ownerDesignName>Modelo logico rm553896</ownerDesignName>
<useDomainConstraints>false</useDomainConstraints>
<use>1</use>
<logicalDatatype>LOGDT021</logicalDatatype>
<ownDataTypeParameters>,,</ownDataTypeParameters>
<autoIncrementCycle>false</autoIncrementCycle>
</Column>
<Column name="id_saldo_despesa" id="4F9C91FC-7FB9-F869-1B69-BF64FA307D58">
<createdBy>joao</createdBy>
<createdTime>2023-11-05 17:57:41 UTC</createdTime>
<generatorID>8D2FAEA8-0C4B-AA4C-F539-5925A6FA75DC</generatorID>
<ownerDesignName>Modelo logico rm553896</ownerDesignName>
<useDomainConstraints>false</useDomainConstraints>
<use>1</use>
<logicalDatatype>LOGDT021</logicalDatatype>
<ownDataTypeParameters>,,</ownDataTypeParameters>
<autoIncrementCycle>false</autoIncrementCycle>
</Column>
<Column name="id_usuario" id="80CF03DA-0E50-0F30-FE32-E6475CAFA628">
<createdBy>joao</createdBy>
<createdTime>2023-11-05 17:57:41 UTC</createdTime>
<generatorID>AC840A48-83A9-D696-8878-3F47A21A67DA</generatorID>
<ownerDesignName>Modelo logico rm553896</ownerDesignName>
<useDomainConstraints>false</useDomainConstraints>
<use>1</use>
<logicalDatatype>LOGDT019</logicalDatatype>
<ownDataTypeParameters>,,</ownDataTypeParameters>
<previousColumn>false</previousColumn>
<autoIncrementCycle>false</autoIncrementCycle>
<associations>
<colAssociation fkAssociation="A0246610-FEE8-408A-BE95-72B77FEDD099" referredColumn="B6BADB95-156D-CCD7-F21B-3B697326B950"/>
</associations>
</Column>
</columns>
<indexes itemClass="oracle.dbtools.crest.model.design.relational.Index">
<ind_PK_UK id="CB6C0BDF-7506-A219-ABA2-1E9413236AD5" name="T_CONTA_PK">
<createdBy>joao</createdBy>
<createdTime>2023-11-05 17:57:41 UTC</createdTime>
<generatorID>7E14D800-B05D-E394-C47A-130B957A44E3</generatorID>
<ownerDesignName>Modelo logico rm553896</ownerDesignName>
<pk>true</pk>
<indexState>Primary Constraint</indexState>
<isSurrogateKey>false</isSurrogateKey>
<indexColumnUsage>
<colUsage columnID="9E79A0AF-3E91-16AB-B1AE-64ED550AE058"/>
<colUsage columnID="80CF03DA-0E50-0F30-FE32-E6475CAFA628"/>
</indexColumnUsage>
</ind_PK_UK>
<ind_PK_UK id="93CB76F0-9E4F-77AD-61E4-9B06F5EA4559" name="T_CONTA_T_USUARIO_FK">
<createdBy>joao</createdBy>
<createdTime>2023-11-05 17:57:42 UTC</createdTime>
<generatorID>9DB21EC8-8ADD-2028-9CE6-CEDACC173383</generatorID>
<ownerDesignName>Modelo logico rm553896</ownerDesignName>
<indexState>Foreign Key</indexState>
<isSurrogateKey>false</isSurrogateKey>
<indexColumnUsage>
<colUsage columnID="80CF03DA-0E50-0F30-FE32-E6475CAFA628"/>
</indexColumnUsage>
</ind_PK_UK>
</indexes>
</Table>