<?xml version = '1.0' encoding = 'UTF-8'?>
<FKIndexAssociation class="oracle.dbtools.crest.model.design.relational.FKIndexAssociation" directorySegmentName="seg_0" id="107912AC-226A-9300-C0A3-4308BC89C20B" containerWithKeyObject="06A9C0E1-CE08-2EF0-00F2-8B923B694379" localFKIndex="CDCA22DB-378A-B9E5-27A9-FCDE4DD17269" name="T_DESPESA_T_LANCAMENTO_FK">
<createdBy>joao</createdBy>
<createdTime>2023-11-05 17:57:42 UTC</createdTime>
<generatorID>193FC802-A7F7-C75E-EAE3-F028675467CD</generatorID>
<ownerDesignName>Modelo logico rm553896</ownerDesignName>
<referredTableLongName>T_LANCAMENTO</referredTableLongName>
<deleteRule>NO ACTION</deleteRule>
<referredTableID>52672606-98D2-D360-9A85-434D1B812B5D</referredTableID>
<keyObject>6303F41E-DB39-E333-A2E9-CAA5A12458B0</keyObject>
<referredKeyID>6303F41E-DB39-E333-A2E9-CAA5A12458B0</referredKeyID>
<mandatory>true</mandatory>
<refColNames>id_descricao,id_conta,id_usuario</refColNames>
<transferable>true</transferable>
<rely>false</rely>
<columnDependencyConstraintGenerateInDDL>true</columnDependencyConstraintGenerateInDDL>
</FKIndexAssociation>