<?xml version = '1.0' encoding = 'UTF-8'?>
<FKIndexAssociation class="oracle.dbtools.crest.model.design.relational.FKIndexAssociation" directorySegmentName="seg_0" id="A0246610-FEE8-408A-BE95-72B77FEDD099" containerWithKeyObject="D660E456-F24C-45EC-7CB6-CB099169391A" localFKIndex="93CB76F0-9E4F-77AD-61E4-9B06F5EA4559" name="T_CONTA_T_USUARIO_FK">
<createdBy>joao</createdBy>
<createdTime>2023-11-05 17:57:42 UTC</createdTime>
<generatorID>9DB21EC8-8ADD-2028-9CE6-CEDACC173383</generatorID>
<ownerDesignName>Modelo logico rm553896</ownerDesignName>
<referredTableLongName>T_USUARIO</referredTableLongName>
<deleteRule>NO ACTION</deleteRule>
<referredTableID>E601A6F5-E357-1B25-6B43-A7828FE98B87</referredTableID>
<keyObject>052B172F-39BF-AA0D-8A3A-FA226DFEA3C2</keyObject>
<referredKeyID>052B172F-39BF-AA0D-8A3A-FA226DFEA3C2</referredKeyID>
<mandatory>true</mandatory>
<refColNames>id_usuario</refColNames>
<transferable>true</transferable>
<rely>false</rely>
<columnDependencyConstraintGenerateInDDL>true</columnDependencyConstraintGenerateInDDL>
</FKIndexAssociation>