<?xml version = '1.0' encoding = 'UTF-8'?>
<FKIndexAssociation class="oracle.dbtools.crest.model.design.relational.FKIndexAssociation" directorySegmentName="seg_0" id="CCEBDBFD-A57F-446F-2CAD-BE282EE15E2B" containerWithKeyObject="5B7B34F3-8A7C-EAD7-54CC-A15DF1F08757" localFKIndex="930D91E5-41E7-6E1E-2DA5-889ED030DD2A" name="T_RECEITA_T_LANCAMENTO_FK">
<createdBy>joao</createdBy>
<createdTime>2023-11-05 17:57:42 UTC</createdTime>
<generatorID>AA081159-353A-1CC1-6FB4-A72D33E3FDF8</generatorID>
<ownerDesignName>Modelo logico rm553896</ownerDesignName>
<referredTableLongName>T_LANCAMENTO</referredTableLongName>
<deleteRule>NO ACTION</deleteRule>
<referredTableID>52672606-98D2-D360-9A85-434D1B812B5D</referredTableID>
<keyObject>6303F41E-DB39-E333-A2E9-CAA5A12458B0</keyObject>
<referredKeyID>6303F41E-DB39-E333-A2E9-CAA5A12458B0</referredKeyID>
<mandatory>true</mandatory>
<refColNames>id_descricao,id_conta,id_usuario</refColNames>
<transferable>true</transferable>
<rely>false</rely>
<columnDependencyConstraintGenerateInDDL>true</columnDependencyConstraintGenerateInDDL>
</FKIndexAssociation>