<?xml version = '1.0' encoding = 'UTF-8'?>
<Diagram class="oracle.dbtools.crest.swingui.relational.DPVRelational" name="Relational_1" id="03D732BA-4F0C-ACD1-D604-7CABAAE0D8EC">
<createdBy>joao</createdBy>
<modifiedBy>joao</modifiedBy>
<createdTime>2023-11-05 16:02:33 UTC</createdTime>
<autoRoute>false</autoRoute>
<boxInbox>true</boxInbox>
<showLegend>false</showLegend>
<showLabels>false</showLabels>
<showRelAttributes>false</showRelAttributes>
<gridEnabled>false</gridEnabled>
<showGrid>false</showGrid>
<diagramColor>-1</diagramColor>
<display>false</display>
<notation>1</notation>
<showDynamicProperties>true</showDynamicProperties>
<objectViews>
<OView class="oracle.dbtools.crest.swingui.relational.TVTable" oid="06A9C0E1-CE08-2EF0-00F2-8B923B694379" otype="Table" vid="28255B01-3C8F-4067-D179-D73A12D3B245">
<hideElementsInCurrentOnly>false</hideElementsInCurrentOnly>
<bounds x="577" y="178" width="401" height="135"/>
</OView>
<OView class="oracle.dbtools.crest.swingui.relational.TVTable" oid="52672606-98D2-D360-9A85-434D1B812B5D" otype="Table" vid="C43E21FF-3C59-DDE7-A55F-E34347FCDFA1">
<hideElementsInCurrentOnly>false</hideElementsInCurrentOnly>
<bounds x="308" y="385" width="296" height="162"/>
</OView>
<OView class="oracle.dbtools.crest.swingui.relational.TVTable" oid="5B7B34F3-8A7C-EAD7-54CC-A15DF1F08757" otype="Table" vid="6262E100-9A84-AF7F-EF9D-F85828324DE9">
<hideElementsInCurrentOnly>false</hideElementsInCurrentOnly>
<bounds x="0" y="169" width="248" height="167"/>
</OView>
<OView class="oracle.dbtools.crest.swingui.relational.TVTable" oid="D660E456-F24C-45EC-7CB6-CB099169391A" otype="Table" vid="57547AEC-CD04-5757-C956-757D931BA405">
<hideElementsInCurrentOnly>false</hideElementsInCurrentOnly>
<bounds x="346" y="13" width="230" height="136"/>
</OView>
<OView class="oracle.dbtools.crest.swingui.relational.TVTable" oid="E601A6F5-E357-1B25-6B43-A7828FE98B87" otype="Table" vid="DF148A7D-9D53-478A-5DD7-3FBB50B11DAA">
<hideElementsInCurrentOnly>false</hideElementsInCurrentOnly>
<bounds x="0" y="23" width="221" height="140"/>
</OView>
</objectViews>
<connectors>
<Connector class="oracle.dbtools.crest.swingui.relational.TVFKRelation" oid="107912AC-226A-9300-C0A3-4308BC89C20B" otype="FKIndexAssociation" vid_source="C43E21FF-3C59-DDE7-A55F-E34347FCDFA1" vid_target="28255B01-3C8F-4067-D179-D73A12D3B245">
<hideElementsInCurrentOnly>false</hideElementsInCurrentOnly>
<backgroundColor>-16777216</backgroundColor>
<lineWidth>1</lineWidth>
<points>
<point x="590" y="385"/>
<point x="590" y="313"/>
</points>
</Connector>
<Connector class="oracle.dbtools.crest.swingui.relational.TVFKRelation" oid="6A4EAF45-33A2-9113-EE99-4006F3594BDB" otype="FKIndexAssociation" vid_source="57547AEC-CD04-5757-C956-757D931BA405" vid_target="C43E21FF-3C59-DDE7-A55F-E34347FCDFA1">
<hideElementsInCurrentOnly>false</hideElementsInCurrentOnly>
<backgroundColor>-16777216</backgroundColor>
<lineWidth>1</lineWidth>
<points>
<point x="461" y="149"/>
<point x="461" y="385"/>
</points>
</Connector>
<Connector class="oracle.dbtools.crest.swingui.relational.TVFKRelation" oid="A0246610-FEE8-408A-BE95-72B77FEDD099" otype="FKIndexAssociation" vid_source="DF148A7D-9D53-478A-5DD7-3FBB50B11DAA" vid_target="57547AEC-CD04-5757-C956-757D931BA405">
<hideElementsInCurrentOnly>false</hideElementsInCurrentOnly>
<backgroundColor>-16777216</backgroundColor>
<lineWidth>1</lineWidth>
<points>
<point x="221" y="86"/>
<point x="346" y="86"/>
</points>
</Connector>
<Connector class="oracle.dbtools.crest.swingui.relational.TVFKRelation" oid="CCEBDBFD-A57F-446F-2CAD-BE282EE15E2B" otype="FKIndexAssociation" vid_source="C43E21FF-3C59-DDE7-A55F-E34347FCDFA1" vid_target="6262E100-9A84-AF7F-EF9D-F85828324DE9">
<hideElementsInCurrentOnly>false</hideElementsInCurrentOnly>
<backgroundColor>-16777216</backgroundColor>
<lineWidth>1</lineWidth>
<points>
<point x="330" y="385"/>
<point x="248" y="332"/>
</points>
</Connector>
</connectors>
</Diagram>